id,first_name,last_name,email,gender,ip_address,country
1,Rodie,Hannam,rhannam0@1und1.de,,,New Zealand
2,Berti,Gentreau,bgentreau1@dedecms.com,,242.147.229.20,Portugal
3,Corbin,Manford,,,,Poland
4,Juliette,Fripps,,,246.169.138.151,Czech Republic
5,Melloney,Tasseler,,,145.215.70.69,Brazil
6,Shannon,d' Elboux,sdelboux5@blogtalkradio.com,,209.48.24.217,Chad
7,L;urette,Dahle,,,,China
8,Brewster,Doey,,,,China
9,Madalyn,Harding,,,,Tunisia
10,Eleanore,Stonebanks,,,,Brazil
11,Guillema,Antonchik,gantonchika@bravesites.com,,21.110.111.246,South Africa
12,Laird,Thackham,lthackhamb@weibo.com,,,Thailand
13,Lauritz,Antonikov,,,,Indonesia
14,Leslie,Perrygo,,Male,,China
15,Dione,Cacacie,,,83.193.206.160,Slovenia
16,Tymothy,Seville,tsevillef@wikia.com,Genderqueer,,Thailand
17,Gertrude,Feldberger,gfeldbergerg@zimbio.com,,,Colombia
18,Giorgia,Bridat,gbridath@discuz.net,,,Poland
19,Gunter,Curphey,gcurpheyi@alexa.com,,,Chile
20,Kimberli,Mebes,kmebesj@discuz.net,,104.251.52.175,Poland
